Metric,Chronos,Prophet
MAE,210.8360656,13448.29508
RMSE,215.7631899,24706.54793
MAPE (%),0.3836302,24.48467616
R² Score,-21.14833572,-290408.3048
